{
  "url": "https://www.dolaa789.cc/",
  "timestamp": "2025-08-05T14:37:25.342677",
  "pages_crawled": [],
  "assets": {
    "images": 0,
    "css": 0,
    "js": 0,
    "fonts": 0,
    "videos": 0,
    "other": 0
  },
  "modals_found": 0,
  "forms_found": 0,
  "total_size_mb": 0.0,
  "extraction_completed": "2025-08-05T14:37:54.492239",
  "output_directory": "static_website_20250805_143725",
  "total_files": 0,
  "file_structure": {
    "index.html": "Main HTML file",
    "css/": "Stylesheets directory",
    "js/": "JavaScript files directory",
    "images/": "Images directory",
    "fonts/": "Fonts directory",
    "videos/": "Videos directory (if any)"
  },
  "usage_instructions": {
    "how_to_use": "Open index.html in any web browser",
    "requirements": "No server required - works offline",
    "compatibility": "Works in all modern browsers"
  }
}